{
  "students": [
    {
      "id": 1,
      "name": "Nguyen Van A",
      "gender": 1,
      "languages": [
        "JAVA",
        "C#"
      ]
    },
    {
      "id": 2,
      "name": "Nguyen Van B",
      "gender": 1,
      "languages": [
        "JAVA",
        "C#"
      ]
    },
    {
      "name": "Hung",
      "age": 22,
      "gender": "1",
      "languages": [
        "JAVA",
        "C#"
      ],
      "id": 3
    },
    {
      "name": "Hung VIP",
      "age": 22,
      "gender": "1",
      "languages": [
        "JAVA",
        "C#"
      ],
      "id": 4
    },
    {
      "name": "Hung",
      "age": 22,
      "gender": "1",
      "languages": [
        "JAVA",
        "C#"
      ],
      "id": 5
    },
    {
      "name": "Hung",
      "age": 22,
      "gender": "1",
      "languages": [
        "JAVA",
        "C#"
      ],
      "id": 6
    },
    {
      "name": "Hung",
      "age": 22,
      "gender": "1",
      "languages": [
        "JAVA",
        "C#"
      ],
      "id": 7
    },
    {
      "name": "Hoa",
      "age": 22,
      "gender": "1",
      "languages": [
        "JAVA",
        "C#"
      ],
      "id": 8
    }
  ]
}